,TIMESTAMP,RECORD,CO2_1_avg,CO2_1_Min,CO2_1_Max,CO2_1_TMx,CO2_2_Avg,CO2_2_Max,CO2_2_TMx,CO2_2_Min,CO2_2_TMin,EOS_Flux_Avg,EOS_Flux_Max,EOS_Flux_TMx,EOS_Flux_Min,EOS_Flux_TMn,EOS_CO2_Avg,EOS_Temp_Avg,BattV_Avg,PTemp_C_Avg,Temp_C_Avg
1,9/19/2018 12:35,0,48.82,48.48,49.83,9/19/2018 12:35,43.36,44.16,9/19/2018 12:34,42.26,9/19/2018 12:35,2536,2537,9/19/2018 12:34,2536,9/19/2018 12:34,410.6,4269,12.77,23.56,23.47
2,9/19/2018 12:36,1,49.44,48.48,49.87,9/19/2018 12:35,42.14,42.27,9/19/2018 12:35,41.89,9/19/2018 12:35,2536,2537,9/19/2018 12:36,2536,9/19/2018 12:35,410.5,4269,12.77,23.58,22.76
3,9/19/2018 12:37,2,47.98,47.46,48.39,9/19/2018 12:36,42.93,43.36,9/19/2018 12:36,42.4,9/19/2018 12:36,2536,2537,9/19/2018 12:36,2536,9/19/2018 12:37,410.4,4270,12.77,23.59,22.75
4,9/19/2018 12:38,3,47.5,46.58,48.71,9/19/2018 12:38,42.22,42.74,9/19/2018 12:37,41.5,9/19/2018 12:37,2536,2537,9/19/2018 12:37,2536,9/19/2018 12:37,410.4,4270,12.77,23.6,22.71
5,9/19/2018 12:39,4,48,47.48,48.51,9/19/2018 12:38,42.49,43.14,9/19/2018 12:38,41.93,9/19/2018 12:38,2536,2537,9/19/2018 12:38,2536,9/19/2018 12:38,410.6,4269,12.77,23.61,22.86
6,9/19/2018 12:40,5,48.2,47.04,49.01,9/19/2018 12:39,42.25,42.74,9/19/2018 12:39,41.23,9/19/2018 12:40,2543,2588,9/19/2018 12:40,2536,9/19/2018 12:39,417.2,4273,12.77,23.62,22.87
7,9/19/2018 12:41,6,48.93,47.5,49.8,9/19/2018 12:40,41.22,41.62,9/19/2018 12:40,40.7,9/19/2018 12:40,2571,2587,9/19/2018 12:40,2565,9/19/2018 12:40,444.6,4298,12.74,23.63,22.86
8,9/19/2018 12:42,7,48.36,47.72,49.12,9/19/2018 12:41,41.86,42.34,9/19/2018 12:41,41.35,9/19/2018 12:42,2567,2587,9/19/2018 12:41,2565,9/19/2018 12:41,440.7,4292,12.74,23.64,22.86
9,9/19/2018 12:43,8,47.73,47.18,48.26,9/19/2018 12:42,41.81,42.29,9/19/2018 12:42,41.34,9/19/2018 12:42,2546,2565,9/19/2018 12:42,2536,9/19/2018 12:42,419.9,4270,12.75,23.65,22.91
10,9/19/2018 12:44,9,47.96,47.36,48.3,9/19/2018 12:43,41.81,42.35,9/19/2018 12:43,41.23,9/19/2018 12:43,2538,2558,9/19/2018 12:43,2536,9/19/2018 12:44,412.2,4262,12.76,23.65,22.95
11,9/19/2018 12:45,10,47.91,47.21,48.27,9/19/2018 12:44,41.93,42.28,9/19/2018 12:44,41.37,9/19/2018 12:44,2509,2537,9/19/2018 12:44,2494,9/19/2018 12:44,406.8,4295,12.76,23.66,22.9
12,9/19/2018 12:46,11,47.78,45.32,58.79,9/19/2018 12:45,41.23,42.27,9/19/2018 12:45,40.54,9/19/2018 12:45,2494,2495,9/19/2018 12:45,2494,9/19/2018 12:45,404.9,4312,12.76,23.67,22.76
13,9/19/2018 12:47,12,48.42,47.79,48.92,9/19/2018 12:46,42.27,42.68,9/19/2018 12:46,41.59,9/19/2018 12:46,2495,2495,9/19/2018 12:46,2494,9/19/2018 12:46,405,4312,12.76,23.67,22.53
14,9/19/2018 12:48,13,47.07,46.38,47.75,9/19/2018 12:48,41.86,42.19,9/19/2018 12:47,41.42,9/19/2018 12:47,2495,2495,9/19/2018 12:47,2494,9/19/2018 12:47,404.9,4312,12.77,23.67,22.48
15,9/19/2018 12:49,14,48.28,47.95,48.85,9/19/2018 12:48,42.76,43.12,9/19/2018 12:48,42.43,9/19/2018 12:49,2494,2495,9/19/2018 12:48,2494,9/19/2018 12:48,404.9,4312,12.77,23.66,22.5
16,9/19/2018 12:50,15,47.83,46.49,48.38,9/19/2018 12:49,41.89,42.4,9/19/2018 12:49,40.91,9/19/2018 12:50,2501,2547,9/19/2018 12:50,2494,9/19/2018 12:49,411.8,4319,12.76,23.65,22.44
17,9/19/2018 12:51,16,46.05,45.23,46.62,9/19/2018 12:50,41.27,41.77,9/19/2018 12:51,40.86,9/19/2018 12:50,2529,2546,9/19/2018 12:50,2523,9/19/2018 12:51,439.1,4347,12.74,23.64,22.38
18,9/19/2018 12:52,17,47.84,45.85,48.95,9/19/2018 12:51,42.59,43.61,9/19/2018 12:52,41.44,9/19/2018 12:51,2525,2545,9/19/2018 12:51,2523,9/19/2018 12:51,435.1,4343,12.74,23.62,22.37
19,9/19/2018 12:53,18,48.24,46.99,49.86,9/19/2018 12:53,42.53,43.27,9/19/2018 12:52,41.73,9/19/2018 12:52,2507,2523,9/19/2018 12:52,2494,9/19/2018 12:52,416.7,4325,12.74,23.61,22.49
20,9/19/2018 12:54,19,49.88,49.32,50.48,9/19/2018 12:53,43.24,43.81,9/19/2018 12:53,42.68,9/19/2018 12:53,2497,2516,9/19/2018 12:53,2494,9/19/2018 12:53,406.6,4314,12.76,23.6,22.6
21,9/19/2018 12:55,20,49.54,48.81,50.01,9/19/2018 12:54,42.72,43.27,9/19/2018 12:54,42.2,9/19/2018 12:54,2520,2534,9/19/2018 12:54,2495,9/19/2018 12:54,413.9,4329,12.76,23.59,22.53
22,9/19/2018 12:56,21,48.89,48.41,49.52,9/19/2018 12:55,42.5,43.11,9/19/2018 12:55,41.49,9/19/2018 12:56,2534,2534,9/19/2018 12:55,2534,9/19/2018 12:55,418.9,4338,12.76,23.59,22.49
23,9/19/2018 12:57,22,48.34,48.18,48.56,9/19/2018 12:56,42.39,42.78,9/19/2018 12:56,41.8,9/19/2018 12:56,2534,2534,9/19/2018 12:56,2534,9/19/2018 12:56,418.9,4338,12.76,23.58,22.52
24,9/19/2018 12:58,23,47.63,46.85,48.26,9/19/2018 12:58,41.29,42.34,9/19/2018 12:57,40.64,9/19/2018 12:57,2534,2534,9/19/2018 12:57,2534,9/19/2018 12:57,419,4338,12.76,23.57,22.38
25,9/19/2018 12:59,24,47.67,46.96,48.45,9/19/2018 12:58,41.36,41.93,9/19/2018 12:58,40.7,9/19/2018 12:58,2534,2534,9/19/2018 12:58,2534,9/19/2018 12:58,418.8,4338,12.76,23.55,22.44
26,9/19/2018 13:00,25,47.67,46.59,48.21,9/19/2018 12:59,41.07,41.58,9/19/2018 12:59,40.02,9/19/2018 13:00,2541,2586,9/19/2018 13:00,2534,9/19/2018 12:59,425.5,4345,12.76,23.54,22.45
27,9/19/2018 13:01,26,46.46,46.09,46.9,9/19/2018 13:00,40.56,41.28,9/19/2018 13:00,40.03,9/19/2018 13:00,2568,2585,9/19/2018 13:00,2562,9/19/2018 13:01,453,4373,12.73,23.52,22.45
28,9/19/2018 13:02,27,46.34,45.49,46.9,9/19/2018 13:01,40.69,41.26,9/19/2018 13:01,40.14,9/19/2018 13:01,2564,2585,9/19/2018 13:01,2562,9/19/2018 13:01,449,4369,12.73,23.5,22.4
29,9/19/2018 13:03,28,46.47,46.17,47.52,9/19/2018 13:03,40.79,41.27,9/19/2018 13:02,40.16,9/19/2018 13:02,2546,2562,9/19/2018 13:02,2534,9/19/2018 13:03,430.6,4350,12.74,23.48,22.26
30,9/19/2018 13:04,29,45.96,45.22,47.53,9/19/2018 13:03,40.73,42.25,9/19/2018 13:04,39.92,9/19/2018 13:03,2536,2555,9/19/2018 13:03,2534,9/19/2018 13:03,420.5,4340,12.75,23.46,22.36
31,9/19/2018 13:05,30,46.87,46.24,47.66,9/19/2018 13:05,40.93,41.88,9/19/2018 13:04,39.69,9/19/2018 13:05,2497,2534,9/19/2018 13:04,2470,9/19/2018 13:04,406.9,4347,12.76,23.44,22.46
32,9/19/2018 13:06,31,46.71,46.22,47.33,9/19/2018 13:05,40.18,40.62,9/19/2018 13:06,39.68,9/19/2018 13:05,2470,2470,9/19/2018 13:05,2469,9/19/2018 13:05,398.5,4353,12.76,23.42,22.47
33,9/19/2018 13:07,32,46.8,46.23,47.22,9/19/2018 13:06,40.28,41.06,9/19/2018 13:06,39.28,9/19/2018 13:06,2470,2470,9/19/2018 13:06,2469,9/19/2018 13:06,398.5,4353,12.76,23.41,22.52
34,9/19/2018 13:08,33,46.61,46.23,47.19,9/19/2018 13:08,40.3,40.64,9/19/2018 13:07,39.92,9/19/2018 13:07,2470,2470,9/19/2018 13:07,2469,9/19/2018 13:07,398.5,4353,12.76,23.4,22.5
35,9/19/2018 13:09,34,46.4,45.62,47.17,9/19/2018 13:08,40.76,41.15,9/19/2018 13:08,40.52,9/19/2018 13:09,2470,2470,9/19/2018 13:09,2470,9/19/2018 13:08,398.6,4353,12.76,23.39,22.45
36,9/19/2018 13:10,35,46.09,45.3,46.7,9/19/2018 13:09,40.49,40.83,9/19/2018 13:09,39.93,9/19/2018 13:10,2476,2521,9/19/2018 13:10,2469,9/19/2018 13:09,405.2,4360,12.76,23.37,22.43
37,9/19/2018 13:11,36,45.44,44.86,46.02,9/19/2018 13:10,39.95,40.13,9/19/2018 13:10,39.6,9/19/2018 13:10,2506,2521,9/19/2018 13:10,2498,9/19/2018 13:10,434.4,4389,12.73,23.37,22.41
38,9/19/2018 13:12,37,45.95,45.08,46.59,9/19/2018 13:11,39.51,40.13,9/19/2018 13:11,38.96,9/19/2018 13:11,2500,2520,9/19/2018 13:11,2498,9/19/2018 13:11,428.7,4384,12.73,23.36,22.46
39,9/19/2018 13:13,38,46.39,45.07,47.61,9/19/2018 13:13,39.95,40.52,9/19/2018 13:12,39.44,9/19/2018 13:12,2484,2498,9/19/2018 13:12,2470,9/19/2018 13:13,411.8,4365,12.74,23.35,22.33
40,9/19/2018 13:14,39,47.38,47.05,47.85,9/19/2018 13:13,39.72,40.22,9/19/2018 13:13,39.18,9/19/2018 13:13,2472,2491,9/19/2018 13:13,2470,9/19/2018 13:13,400.1,4356,12.75,23.34,22.38
41,9/19/2018 13:15,40,47.25,46.13,47.53,9/19/2018 13:14,39.82,40.24,9/19/2018 13:15,39.42,9/19/2018 13:14,2491,2507,9/19/2018 13:14,2470,9/19/2018 13:14,398.7,4359,12.75,23.33,22.46
42,9/19/2018 13:16,41,46.11,45.5,46.59,9/19/2018 13:15,39.75,40.17,9/19/2018 13:15,39.43,9/19/2018 13:15,2507,2507,9/19/2018 13:15,2506,9/19/2018 13:15,399,4363,12.75,23.33,22.44
43,9/19/2018 13:17,42,45.83,45.49,46.26,9/19/2018 13:16,39.84,40.27,9/19/2018 13:17,39.36,9/19/2018 13:16,2507,2507,9/19/2018 13:16,2506,9/19/2018 13:16,399,4363,12.75,23.32,22.41
44,9/19/2018 13:18,43,45.45,45.22,45.98,9/19/2018 13:17,40.57,40.96,9/19/2018 13:17,40.2,9/19/2018 13:17,2507,2507,9/19/2018 13:17,2506,9/19/2018 13:17,399,4363,12.75,23.31,22.41
45,9/19/2018 13:19,44,44.99,44.46,45.62,9/19/2018 13:18,39.8,40.57,9/19/2018 13:18,39.3,9/19/2018 13:18,2507,2507,9/19/2018 13:18,2506,9/19/2018 13:18,399,4363,12.75,23.31,22.48
46,9/19/2018 13:20,45,46.5,45.44,47.42,9/19/2018 13:19,39.93,40.44,9/19/2018 13:19,38.45,9/19/2018 13:20,2513,2558,9/19/2018 13:20,2506,9/19/2018 13:19,405.8,4370,12.75,23.3,22.44
47,9/19/2018 13:21,46,45.8,45,46.34,9/19/2018 13:20,39.21,39.7,9/19/2018 13:21,38.46,9/19/2018 13:20,2543,2558,9/19/2018 13:20,2535,9/19/2018 13:20,434.8,4399,12.73,23.3,22.47
48,9/19/2018 13:22,47,44.95,43.93,46.34,9/19/2018 13:21,38.99,39.7,9/19/2018 13:21,37.98,9/19/2018 13:21,2539,2556,9/19/2018 13:21,2535,9/19/2018 13:22,430.6,4394,12.72,23.29,22.5
49,9/19/2018 13:23,48,45.9,43.94,46.96,9/19/2018 13:22,39.44,40.11,9/19/2018 13:23,38.65,9/19/2018 13:22,2520,2535,9/19/2018 13:22,2507,9/19/2018 13:22,412.5,4377,12.73,23.29,22.49
50,9/19/2018 13:24,49,45.31,44.59,46.24,9/19/2018 13:23,39.63,40.17,9/19/2018 13:23,38.91,9/19/2018 13:23,2508,2527,9/19/2018 13:23,2506,9/19/2018 13:23,400.4,4365,12.75,23.28,22.45
51,9/19/2018 13:25,50,45.64,44.93,46.21,9/19/2018 13:24,40.14,40.56,9/19/2018 13:24,38.61,9/19/2018 13:24,2486,2507,9/19/2018 13:24,2471,9/19/2018 13:24,395.8,4369,12.75,23.27,22.48
52,9/19/2018 13:26,51,46.13,45.64,46.85,9/19/2018 13:25,39.7,40.49,9/19/2018 13:26,39.18,9/19/2018 13:25,2473,2473,9/19/2018 13:25,2472,9/19/2018 13:25,393.8,4372,12.75,23.27,22.44
53,9/19/2018 13:27,52,45.32,44.58,45.81,9/19/2018 13:26,39.64,40.42,9/19/2018 13:26,38.96,9/19/2018 13:26,2474,2475,9/19/2018 13:26,2473,9/19/2018 13:26,393.8,4372,12.75,23.26,22.41
54,9/19/2018 13:28,53,45.52,44.96,45.91,9/19/2018 13:28,39.82,40.94,9/19/2018 13:28,38.96,9/19/2018 13:27,2476,2477,9/19/2018 13:28,2475,9/19/2018 13:27,393.8,4372,12.75,23.25,22.4
55,9/19/2018 13:29,54,45.25,44.53,45.91,9/19/2018 13:28,40.23,41.23,9/19/2018 13:28,39.63,9/19/2018 13:28,2477,2478,9/19/2018 13:28,2476,9/19/2018 13:28,393.7,4372,12.75,23.25,22.33
56,9/19/2018 13:30,55,45.84,44.83,46.18,9/19/2018 13:29,39.89,40.35,9/19/2018 13:29,39.15,9/19/2018 13:30,2485,2529,9/19/2018 13:30,2478,9/19/2018 13:29,400.5,4379,12.75,23.24,22.34
57,9/19/2018 13:31,56,44.95,44.57,45.22,9/19/2018 13:31,39.45,40.11,9/19/2018 13:30,38.53,9/19/2018 13:31,2514,2529,9/19/2018 13:30,2507,9/19/2018 13:31,429.6,4408,12.72,23.24,22.34
58,9/19/2018 13:32,57,45.19,44.23,45.7,9/19/2018 13:31,39.33,39.79,9/19/2018 13:31,37.87,9/19/2018 13:31,2517,2608,9/19/2018 13:31,2506,9/19/2018 13:31,427.8,4406,12.72,23.23,22.41
59,9/19/2018 13:33,58,45.69,44.38,46.48,9/19/2018 13:32,39.23,39.69,9/19/2018 13:32,38.95,9/19/2018 13:32,2492,2506,9/19/2018 13:32,2478,9/19/2018 13:32,407.3,4386,12.73,23.22,22.44
60,9/19/2018 13:34,59,45.54,44.87,46.69,9/19/2018 13:33,39.65,39.95,9/19/2018 13:33,39.16,9/19/2018 13:33,2481,2508,9/19/2018 13:33,2478,9/19/2018 13:34,395.9,4375,12.74,23.21,22.43
61,9/19/2018 13:35,60,45.98,45.41,46.75,9/19/2018 13:35,39.64,40.58,9/19/2018 13:34,38.96,9/19/2018 13:34,2482,2500,9/19/2018 13:34,2478,9/19/2018 13:34,396.1,4378,12.75,23.21,22.44
62,9/19/2018 13:36,61,46.33,45,46.79,9/19/2018 13:35,39.22,39.61,9/19/2018 13:35,38.83,9/19/2018 13:35,2481,2481,9/19/2018 13:35,2481,9/19/2018 13:35,395.7,4379,12.75,23.2,22.43
63,9/19/2018 13:37,62,43.79,42.97,44.99,9/19/2018 13:37,39.98,40.32,9/19/2018 13:37,39.51,9/19/2018 13:36,2481,2482,9/19/2018 13:36,2481,9/19/2018 13:36,397.2,4379,12.75,23.19,22.43
64,9/19/2018 13:38,63,45.24,44.86,45.99,9/19/2018 13:37,39.46,40.32,9/19/2018 13:37,38.96,9/19/2018 13:37,2481,2482,9/19/2018 13:37,2481,9/19/2018 13:37,398.7,4379,12.75,23.19,22.44
65,9/19/2018 13:39,64,45.78,45.41,46.12,9/19/2018 13:38,40.05,40.33,9/19/2018 13:38,39.53,9/19/2018 13:39,2481,2482,9/19/2018 13:38,2481,9/19/2018 13:38,399.7,4379,12.75,23.18,22.42
66,9/19/2018 13:40,65,45.71,44.85,46.12,9/19/2018 13:39,39.58,40.05,9/19/2018 13:39,39.18,9/19/2018 13:39,2488,2533,9/19/2018 13:40,2481,9/19/2018 13:39,406.5,4386,12.75,23.17,22.43
67,9/19/2018 13:41,66,45.33,44.82,46.01,9/19/2018 13:40,39.15,39.41,9/19/2018 13:40,38.7,9/19/2018 13:40,2517,2532,9/19/2018 13:40,2510,9/19/2018 13:40,435.5,4415,12.72,23.17,22.43
68,9/19/2018 13:42,67,45.16,44.13,45.84,9/19/2018 13:42,39.63,40.25,9/19/2018 13:41,38.85,9/19/2018 13:41,2510,2510,9/19/2018 13:41,2510,9/19/2018 13:41,428,4408,12.72,23.16,22.4
69,9/19/2018 13:43,68,45.49,44.75,46.46,9/19/2018 13:42,39.37,39.92,9/19/2018 13:42,38.77,9/19/2018 13:42,2491,2509,9/19/2018 13:42,2481,9/19/2018 13:42,409.1,4389,12.73,23.15,22.39
70,9/19/2018 13:44,69,44.69,43.81,45.35,9/19/2018 13:44,40.08,41.21,9/19/2018 13:44,38.8,9/19/2018 13:43,2483,2500,9/19/2018 13:43,2481,9/19/2018 13:43,401.3,4382,12.74,23.15,22.46
71,9/19/2018 13:45,70,45.42,44.96,45.91,9/19/2018 13:44,40.08,40.5,9/19/2018 13:44,39.77,9/19/2018 13:45,2496,2504,9/19/2018 13:44,2481,9/19/2018 13:44,402.6,4385,12.74,23.15,22.43
72,9/19/2018 13:46,71,45.53,45.07,45.95,9/19/2018 13:45,39.48,39.71,9/19/2018 13:45,39.09,9/19/2018 13:46,2503,2504,9/19/2018 13:45,2503,9/19/2018 13:46,404,4388,12.74,23.14,22.45
73,9/19/2018 13:47,72,45.27,45,45.62,9/19/2018 13:47,39.09,39.63,9/19/2018 13:46,38.82,9/19/2018 13:46,2503,2504,9/19/2018 13:47,2503,9/19/2018 13:46,404,4389,12.74,23.14,22.5
74,9/19/2018 13:48,73,46.05,45.35,46.27,9/19/2018 13:47,39.86,40.26,9/19/2018 13:47,39.57,9/19/2018 13:48,2503,2504,9/19/2018 13:47,2503,9/19/2018 13:47,404,4390,12.74,23.13,22.43
75,9/19/2018 13:49,74,45.28,44.98,45.51,9/19/2018 13:48,39.54,39.72,9/19/2018 13:48,39.4,9/19/2018 13:48,2503,2504,9/19/2018 13:48,2503,9/19/2018 13:48,404.1,4390,12.74,23.13,22.39
76,9/19/2018 13:50,75,46.03,45.5,46.47,9/19/2018 13:49,39.68,40.47,9/19/2018 13:49,38.95,9/19/2018 13:50,2510,2554,9/19/2018 13:50,2503,9/19/2018 13:49,410.8,4397,12.74,23.12,22.42
77,9/19/2018 13:51,76,45.15,42.41,45.96,9/19/2018 13:50,38.76,39.38,9/19/2018 13:50,35.71,9/19/2018 13:51,2553,2723,9/19/2018 13:51,2532,9/19/2018 13:50,453.7,4440,12.71,23.12,22.37
78,9/19/2018 13:52,77,45.75,44.82,46.46,9/19/2018 13:51,39.14,39.6,9/19/2018 13:51,38.8,9/19/2018 13:51,2534,2553,9/19/2018 13:51,2532,9/19/2018 13:51,434.1,4421,12.71,23.11,22.28
79,9/19/2018 13:53,78,45.37,44.96,45.68,9/19/2018 13:52,39.24,39.71,9/19/2018 13:52,38.8,9/19/2018 13:52,2513,2532,9/19/2018 13:52,2503,9/19/2018 13:53,413.2,4400,12.72,23.11,22.26
80,9/19/2018 13:54,79,46.02,45.55,46.46,9/19/2018 13:53,39.55,40.51,9/19/2018 13:53,38.68,9/19/2018 13:53,2507,2525,9/19/2018 13:53,2503,9/19/2018 13:53,407.1,4392,12.74,23.11,22.31
81,9/19/2018 13:55,80,45.94,45.7,46.53,9/19/2018 13:54,40.16,41.07,9/19/2018 13:54,39.56,9/19/2018 13:54,2508,2510,9/19/2018 13:54,2503,9/19/2018 13:54,402.8,4393,12.74,23.1,22.29
82,9/19/2018 13:56,81,45.82,45.57,45.99,9/19/2018 13:55,40,40.41,9/19/2018 13:55,39.65,9/19/2018 13:55,2510,2510,9/19/2018 13:55,2510,9/19/2018 13:55,402.2,4394,12.74,23.1,22.31
83,9/19/2018 13:57,82,45.82,45.63,45.94,9/19/2018 13:56,39.21,39.7,9/19/2018 13:56,38.81,9/19/2018 13:56,2510,2510,9/19/2018 13:56,2510,9/19/2018 13:56,402.1,4394,12.74,23.09,22.3
84,9/19/2018 13:58,83,45.78,45.36,46.12,9/19/2018 13:57,39.91,40.25,9/19/2018 13:57,39.15,9/19/2018 13:57,2510,2510,9/19/2018 13:57,2510,9/19/2018 13:57,402.1,4394,12.74,23.09,22.28
85,9/19/2018 13:59,84,45.51,44.8,45.94,9/19/2018 13:58,39.64,40.34,9/19/2018 13:58,39.14,9/19/2018 13:58,2510,2510,9/19/2018 13:58,2510,9/19/2018 13:58,402.2,4394,12.74,23.08,22.25
86,9/19/2018 14:00,85,45.45,44.84,45.93,9/19/2018 13:59,39.94,40.34,9/19/2018 13:59,39.4,9/19/2018 14:00,2517,2560,9/19/2018 14:00,2510,9/19/2018 13:59,408.8,4401,12.74,23.07,22.24
87,9/19/2018 14:01,86,45.14,44.71,45.6,9/19/2018 14:00,39.01,39.82,9/19/2018 14:00,38.46,9/19/2018 14:00,2547,2575,9/19/2018 14:01,2539,9/19/2018 14:00,444.6,4439,12.71,23.07,22.23
88,9/19/2018 14:02,87,45.28,44.7,46.03,9/19/2018 14:01,39.07,39.67,9/19/2018 14:01,38.61,9/19/2018 14:01,2540,2560,9/19/2018 14:01,2538,9/19/2018 14:01,432.2,4425,12.71,23.06,22.15
89,9/19/2018 14:03,88,45.35,44.47,45.74,9/19/2018 14:02,39.49,40.1,9/19/2018 14:02,38.61,9/19/2018 14:02,2522,2540,9/19/2018 14:02,2510,9/19/2018 14:02,411.9,4404,12.72,23.06,22.29
90,9/19/2018 14:04,89,45.73,45.25,46.35,9/19/2018 14:03,38.65,39.37,9/19/2018 14:03,37.17,9/19/2018 14:03,2517,2567,9/19/2018 14:03,2510,9/19/2018 14:03,407.1,4399,12.73,23.05,22.19
91,9/19/2018 14:05,90,46.07,45.24,46.77,9/19/2018 14:05,39.91,40.2,9/19/2018 14:04,39.41,9/19/2018 14:05,2497,2510,9/19/2018 14:04,2491,9/19/2018 14:04,403.3,4396,12.74,23.05,22.23
92,9/19/2018 14:06,91,45.71,44.85,46.47,9/19/2018 14:05,39.25,39.62,9/19/2018 14:05,38.86,9/19/2018 14:05,2491,2491,9/19/2018 14:06,2491,9/19/2018 14:05,404,4397,12.73,23.04,22.26
93,9/19/2018 14:07,92,46,45.17,46.33,9/19/2018 14:06,39.42,39.77,9/19/2018 14:06,39.24,9/19/2018 14:06,2491,2491,9/19/2018 14:06,2491,9/19/2018 14:06,403.9,4397,12.74,23.04,22.24
94,9/19/2018 14:08,93,45.67,45.15,46.3,9/19/2018 14:07,39.51,39.96,9/19/2018 14:08,39.26,9/19/2018 14:07,2491,2491,9/19/2018 14:07,2491,9/19/2018 14:07,403.9,4397,12.74,23.03,22.25
95,9/19/2018 14:09,94,45.96,45.47,46.55,9/19/2018 14:08,40.11,40.26,9/19/2018 14:08,39.8,9/19/2018 14:08,2491,2491,9/19/2018 14:08,2491,9/19/2018 14:08,403.9,4397,12.74,23.03,22.2
96,9/19/2018 14:10,95,45.72,45.14,46.2,9/19/2018 14:09,39.96,40.54,9/19/2018 14:09,38.4,9/19/2018 14:10,2498,2542,9/19/2018 14:10,2491,9/19/2018 14:09,410.7,4403,12.73,23.02,22.19
97,9/19/2018 14:11,96,45.59,44.93,46.01,9/19/2018 14:10,39.46,40.22,9/19/2018 14:11,38.39,9/19/2018 14:10,2525,2542,9/19/2018 14:10,2520,9/19/2018 14:10,437.9,4431,12.71,23.02,22.28
98,9/19/2018 14:12,97,46.26,45.85,46.67,9/19/2018 14:11,39.67,40.14,9/19/2018 14:11,38.93,9/19/2018 14:12,2521,2542,9/19/2018 14:11,2519,9/19/2018 14:12,433.9,4427,12.71,23.01,22.22
99,9/19/2018 14:13,98,45.4,44.7,46.14,9/19/2018 14:13,39.51,40.18,9/19/2018 14:13,38.9,9/19/2018 14:12,2501,2520,9/19/2018 14:12,2491,9/19/2018 14:12,415,4413,12.72,23.01,22.23
100,9/19/2018 14:14,99,45.85,45.2,46.25,9/19/2018 14:14,40.37,40.75,9/19/2018 14:13,39.89,9/19/2018 14:13,2493,2513,9/19/2018 14:13,2491,9/19/2018 14:13,405.7,4400,12.73,23,22.3
101,9/19/2018 14:15,100,46.62,46.08,47.32,9/19/2018 14:14,40.36,40.7,9/19/2018 14:14,39.95,9/19/2018 14:14,2508,2517,9/19/2018 14:14,2491,9/19/2018 14:14,406.4,4398,12.73,23,22.33
102,9/19/2018 14:16,101,46.04,45.79,46.36,9/19/2018 14:15,39.98,40.52,9/19/2018 14:15,39.41,9/19/2018 14:15,2517,2517,9/19/2018 14:15,2516,9/19/2018 14:15,407.8,4398,12.73,22.99,22.26
103,9/19/2018 14:17,102,46.04,45.64,46.52,9/19/2018 14:16,40.43,40.85,9/19/2018 14:16,39.62,9/19/2018 14:17,2517,2517,9/19/2018 14:16,2517,9/19/2018 14:16,407.9,4398,12.73,22.99,22.25
104,9/19/2018 14:18,103,46.57,45.95,47.35,9/19/2018 14:17,39.5,40.24,9/19/2018 14:17,39.21,9/19/2018 14:17,2517,2517,9/19/2018 14:17,2517,9/19/2018 14:17,407.8,4398,12.73,22.99,22.18
105,9/19/2018 14:19,104,46.05,44.74,47.33,9/19/2018 14:18,39.51,39.79,9/19/2018 14:19,39.04,9/19/2018 14:18,2517,2517,9/19/2018 14:18,2517,9/19/2018 14:18,407.8,4398,12.73,22.99,22.23
106,9/19/2018 14:20,105,45.71,44.65,46.4,9/19/2018 14:19,39.88,40.11,9/19/2018 14:19,39.31,9/19/2018 14:20,2524,2568,9/19/2018 14:20,2517,9/19/2018 14:19,414.6,4405,12.73,22.98,22.22
107,9/19/2018 14:21,106,45.86,45.4,46.29,9/19/2018 14:20,39.01,39.26,9/19/2018 14:20,38.72,9/19/2018 14:21,2551,2568,9/19/2018 14:20,2546,9/19/2018 14:20,441.8,4432,12.7,22.98,22.17
108,9/19/2018 14:22,107,44.98,44.26,45.87,9/19/2018 14:21,39.15,39.57,9/19/2018 14:21,38.4,9/19/2018 14:21,2548,2568,9/19/2018 14:21,2546,9/19/2018 14:21,438,4429,12.7,22.98,22.12
109,9/19/2018 14:23,108,45.95,44.58,46.87,9/19/2018 14:23,39.3,40.04,9/19/2018 14:23,38.21,9/19/2018 14:22,2527,2546,9/19/2018 14:22,2517,9/19/2018 14:22,417.1,4408,12.72,22.97,22.18
110,9/19/2018 14:24,109,46.54,46.16,47.11,9/19/2018 14:23,40.21,40.82,9/19/2018 14:23,39.78,9/19/2018 14:23,2520,2539,9/19/2018 14:23,2517,9/19/2018 14:23,409.6,4400,12.72,22.97,22.18
111,9/19/2018 14:25,110,46.46,45.72,46.9,9/19/2018 14:24,40.03,40.44,9/19/2018 14:24,39.7,9/19/2018 14:24,2506,2518,9/19/2018 14:24,2499,9/19/2018 14:24,407.7,4399,12.73,22.97,22.12
112,9/19/2018 14:26,111,46.18,45.4,47.36,9/19/2018 14:25,39.72,40.19,9/19/2018 14:25,39.09,9/19/2018 14:25,2500,2500,9/19/2018 14:25,2499,9/19/2018 14:25,407.4,4399,12.73,22.96,22.13
113,9/19/2018 14:27,112,45.5,44.51,47,9/19/2018 14:26,40.21,41.23,9/19/2018 14:26,39.25,9/19/2018 14:26,2500,2500,9/19/2018 14:27,2499,9/19/2018 14:26,407.5,4399,12.73,22.96,22.13
114,9/19/2018 14:28,113,45.24,44.05,46.08,9/19/2018 14:27,39.94,40.35,9/19/2018 14:27,39.44,9/19/2018 14:28,2500,2501,9/19/2018 14:27,2500,9/19/2018 14:27,407.6,4399,12.73,22.95,22.11
115,9/19/2018 14:29,114,45.56,45.33,45.83,9/19/2018 14:28,39.45,39.82,9/19/2018 14:28,39.07,9/19/2018 14:29,2501,2501,9/19/2018 14:28,2500,9/19/2018 14:28,407.7,4399,12.73,22.95,22.14
116,9/19/2018 14:30,115,45.07,43.4,45.93,9/19/2018 14:29,39.44,39.97,9/19/2018 14:29,38.82,9/19/2018 14:29,2508,2553,9/19/2018 14:30,2501,9/19/2018 14:29,414.5,4405,12.73,22.95,22.14
117,9/19/2018 14:31,116,44.53,43.12,45.56,9/19/2018 14:30,39.63,40.5,9/19/2018 14:30,38.73,9/19/2018 14:31,2536,2553,9/19/2018 14:30,2529,9/19/2018 14:31,441.8,4433,12.7,22.94,22.12
118,9/19/2018 14:32,117,45.13,44.46,45.85,9/19/2018 14:31,38.66,39.34,9/19/2018 14:31,37.89,9/19/2018 14:31,2530,2550,9/19/2018 14:31,2527,9/19/2018 14:31,438.1,4429,12.7,22.94,22.13
119,9/19/2018 14:33,118,45.08,44.53,45.55,9/19/2018 14:33,39.31,39.53,9/19/2018 14:32,39.09,9/19/2018 14:32,2509,2526,9/19/2018 14:32,2496,9/19/2018 14:33,418.6,4408,12.71,22.93,21.96
120,9/19/2018 14:34,119,45.62,44.89,45.9,9/19/2018 14:33,39.99,40.39,9/19/2018 14:33,39.49,9/19/2018 14:33,2496,2516,9/19/2018 14:33,2493,9/19/2018 14:34,410,4401,12.72,22.93,22.03
121,9/19/2018 14:35,120,45.43,44.59,45.97,9/19/2018 14:34,39.98,40.29,9/19/2018 14:34,39.57,9/19/2018 14:34,2493,2494,9/19/2018 14:34,2492,9/19/2018 14:34,406.8,4399,12.72,22.92,21.99
122,9/19/2018 14:36,121,46.06,44.99,46.8,9/19/2018 14:35,39.39,39.76,9/19/2018 14:36,38.63,9/19/2018 14:35,2493,2494,9/19/2018 14:35,2493,9/19/2018 14:35,406.1,4399,12.72,22.92,22.01
123,9/19/2018 14:37,122,46.15,45.52,46.87,9/19/2018 14:37,39.7,40.03,9/19/2018 14:36,39.36,9/19/2018 14:36,2493,2494,9/19/2018 14:36,2493,9/19/2018 14:36,406.5,4399,12.73,22.91,22.1
124,9/19/2018 14:38,123,46.23,45.7,46.83,9/19/2018 14:37,39.64,40,9/19/2018 14:37,39.36,9/19/2018 14:37,2493,2494,9/19/2018 14:37,2493,9/19/2018 14:37,407.1,4399,12.72,22.91,22.06
125,9/19/2018 14:39,124,45.72,45.31,45.95,9/19/2018 14:38,39.6,39.93,9/19/2018 14:38,39.23,9/19/2018 14:38,2493,2494,9/19/2018 14:38,2493,9/19/2018 14:38,407.8,4399,12.72,22.9,22.04
126,9/19/2018 14:40,125,45.15,43.74,45.91,9/19/2018 14:39,39.61,40.01,9/19/2018 14:39,38.49,9/19/2018 14:40,2500,2545,9/19/2018 14:40,2493,9/19/2018 14:39,414.7,4406,12.72,22.89,22.05
127,9/19/2018 14:41,126,44.96,43.75,45.9,9/19/2018 14:40,39.34,40.2,9/19/2018 14:40,38.19,9/19/2018 14:40,2527,2544,9/19/2018 14:40,2522,9/19/2018 14:41,439.9,4433,12.7,22.89,22.06
128,9/19/2018 14:42,127,45.15,44.08,46.04,9/19/2018 14:41,39.79,40.44,9/19/2018 14:42,39.05,9/19/2018 14:41,2523,2543,9/19/2018 14:41,2521,9/19/2018 14:41,433.6,4430,12.7,22.89,22.13
129,9/19/2018 14:43,128,46.05,45.34,46.66,9/19/2018 14:42,40.44,40.77,9/19/2018 14:42,40.08,9/19/2018 14:43,2505,2521,9/19/2018 14:42,2493,9/19/2018 14:42,412.8,4412,12.71,22.88,22.18
130,9/19/2018 14:44,129,45.96,44.87,47.2,9/19/2018 14:43,40.13,40.62,9/19/2018 14:44,39.76,9/19/2018 14:43,2495,2515,9/19/2018 14:43,2493,9/19/2018 14:43,400,4402,12.72,22.88,22.11
131,9/19/2018 14:45,130,46.19,45.85,46.46,9/19/2018 14:45,40.76,41.36,9/19/2018 14:44,40.16,9/19/2018 14:44,2497,2500,9/19/2018 14:44,2493,9/19/2018 14:44,399.8,4400,12.72,22.88,22.1
132,9/19/2018 14:46,131,46.76,46.39,47.2,9/19/2018 14:45,40.55,40.98,9/19/2018 14:45,40.17,9/19/2018 14:45,2500,2500,9/19/2018 14:45,2499,9/19/2018 14:45,401.7,4400,12.72,22.88,22.1
133,9/19/2018 14:47,132,46.31,46.03,47.01,9/19/2018 14:46,40.09,40.53,9/19/2018 14:46,39.45,9/19/2018 14:46,2500,2500,9/19/2018 14:46,2500,9/19/2018 14:46,401.6,4401,12.72,22.88,22.13
134,9/19/2018 14:48,133,47.29,46.8,47.75,9/19/2018 14:48,41.33,41.61,9/19/2018 14:47,40.65,9/19/2018 14:47,2500,2500,9/19/2018 14:47,2499,9/19/2018 14:47,401.6,4401,12.72,22.88,22.21
135,9/19/2018 14:49,134,47.78,47.65,48.04,9/19/2018 14:48,41.32,41.92,9/19/2018 14:49,40.8,9/19/2018 14:48,2500,2500,9/19/2018 14:48,2500,9/19/2018 14:48,401.6,4402,12.72,22.88,22.13
136,9/19/2018 14:50,135,48.11,47.55,48.69,9/19/2018 14:49,42.04,42.52,9/19/2018 14:49,41.63,9/19/2018 14:50,2507,2551,9/19/2018 14:50,2500,9/19/2018 14:49,408.3,4407,12.72,22.88,22.13
137,9/19/2018 14:51,136,47.65,47.24,48.4,9/19/2018 14:50,41.07,41.65,9/19/2018 14:50,40.56,9/19/2018 14:50,2534,2550,9/19/2018 14:50,2528,9/19/2018 14:50,435.4,4432,12.69,22.88,22.06
138,9/19/2018 14:52,137,47.27,46.82,47.74,9/19/2018 14:51,41.4,41.94,9/19/2018 14:52,40.96,9/19/2018 14:51,2530,2550,9/19/2018 14:51,2528,9/19/2018 14:52,431.6,4426,12.69,22.88,22.07
139,9/19/2018 14:53,138,47.84,46.52,49.2,9/19/2018 14:52,42.43,42.8,9/19/2018 14:52,41.94,9/19/2018 14:52,2512,2528,9/19/2018 14:52,2500,9/19/2018 14:52,413.2,4405,12.7,22.88,22.07
140,9/19/2018 14:54,139,47.39,46.53,48.06,9/19/2018 14:54,40.81,42.03,9/19/2018 14:53,40.07,9/19/2018 14:53,2502,2522,9/19/2018 14:53,2500,9/19/2018 14:53,403.3,4394,12.71,22.87,22.08
141,9/19/2018 14:55,140,47.14,46.66,48.07,9/19/2018 14:54,41.16,41.52,9/19/2018 14:54,40.83,9/19/2018 14:54,2500,2500,9/19/2018 14:54,2499,9/19/2018 14:54,410.4,4392,12.72,22.87,22.02
142,9/19/2018 14:56,141,47.72,46.98,48.5,9/19/2018 14:55,41.92,42.18,9/19/2018 14:56,41.73,9/19/2018 14:55,2499,2500,9/19/2018 14:55,2499,9/19/2018 14:55,417,4392,12.72,22.87,22.07
143,9/19/2018 14:57,142,47.77,47.1,48.6,9/19/2018 14:56,41.72,42.22,9/19/2018 14:56,40.93,9/19/2018 14:56,2499,2500,9/19/2018 14:56,2499,9/19/2018 14:57,417.2,4392,12.72,22.86,22.12
144,9/19/2018 14:58,143,47.42,46.65,48.07,9/19/2018 14:57,41.42,42.09,9/19/2018 14:57,41.06,9/19/2018 14:57,2499,2500,9/19/2018 14:57,2499,9/19/2018 14:57,417.1,4392,12.72,22.86,22.11
145,9/19/2018 14:59,144,47.41,46.56,48.29,9/19/2018 14:58,40.98,41.49,9/19/2018 14:58,40.49,9/19/2018 14:58,2499,2500,9/19/2018 14:58,2499,9/19/2018 14:58,417,4392,12.72,22.85,22
146,9/19/2018 15:00,145,46.44,45.63,47.53,9/19/2018 14:59,41.08,41.31,9/19/2018 14:59,40.58,9/19/2018 15:00,2506,2551,9/19/2018 15:00,2499,9/19/2018 14:59,423.8,4399,12.71,22.85,22.06
147,9/19/2018 15:01,146,46.41,46.15,46.56,9/19/2018 15:00,40.1,40.59,9/19/2018 15:01,39.45,9/19/2018 15:00,2535,2550,9/19/2018 15:00,2528,9/19/2018 15:00,452.8,4428,12.69,22.85,22.05
148,9/19/2018 15:02,147,46.54,45.99,46.82,9/19/2018 15:01,40.47,40.92,9/19/2018 15:01,39.84,9/19/2018 15:01,2531,2549,9/19/2018 15:01,2527,9/19/2018 15:02,447.3,4422,12.69,22.84,22.05
149,9/19/2018 15:03,148,46.66,46.17,47.2,9/19/2018 15:02,40.85,41.19,9/19/2018 15:02,40.29,9/19/2018 15:02,2513,2528,9/19/2018 15:02,2499,9/19/2018 15:02,430.5,4406,12.7,22.84,22.09
150,9/19/2018 15:04,149,46.88,46.26,47.29,9/19/2018 15:03,40.96,41.53,9/19/2018 15:03,40.45,9/19/2018 15:03,2501,2520,9/19/2018 15:03,2499,9/19/2018 15:03,418.6,4394,12.71,22.83,22.06
151,9/19/2018 15:05,150,47,46.52,47.43,9/19/2018 15:05,41.05,41.46,9/19/2018 15:04,40.64,9/19/2018 15:04,2486,2500,9/19/2018 15:04,2476,9/19/2018 15:04,411.6,4392,12.71,22.83,21.96
152,9/19/2018 15:06,151,46.91,46.04,47.44,9/19/2018 15:05,40.51,41.14,9/19/2018 15:05,40.06,9/19/2018 15:05,2477,2477,9/19/2018 15:05,2476,9/19/2018 15:05,407.6,4392,12.71,22.83,22.01
153,9/19/2018 15:07,152,46.26,45.51,47.23,9/19/2018 15:06,41.13,41.55,9/19/2018 15:06,40.34,9/19/2018 15:06,2477,2477,9/19/2018 15:06,2476,9/19/2018 15:06,407.7,4392,12.71,22.82,21.9
154,9/19/2018 15:08,153,46.69,46.27,47.25,9/19/2018 15:07,40.79,41.18,9/19/2018 15:07,40.2,9/19/2018 15:08,2477,2477,9/19/2018 15:08,2476,9/19/2018 15:07,407.7,4392,12.71,22.82,21.92
155,9/19/2018 15:09,154,46.94,46.66,47.43,9/19/2018 15:08,40.18,40.31,9/19/2018 15:08,39.99,9/19/2018 15:09,2477,2477,9/19/2018 15:08,2476,9/19/2018 15:08,407.6,4392,12.71,22.82,21.98
156,9/19/2018 15:10,155,47.06,45.88,47.77,9/19/2018 15:09,40.45,40.99,9/19/2018 15:09,40,9/19/2018 15:09,2483,2528,9/19/2018 15:10,2476,9/19/2018 15:09,414.3,4399,12.71,22.81,22.01
157,9/19/2018 15:11,156,45.77,45.05,46.2,9/19/2018 15:10,40.18,40.69,9/19/2018 15:10,39.69,9/19/2018 15:10,2512,2527,9/19/2018 15:10,2505,9/19/2018 15:11,443.3,4428,12.68,22.81,21.92
158,9/19/2018 15:12,157,46.8,45.47,48.09,9/19/2018 15:11,41.06,41.54,9/19/2018 15:11,40.53,9/19/2018 15:11,2509,2530,9/19/2018 15:11,2505,9/19/2018 15:11,439.6,4424,12.68,22.8,21.89
159,9/19/2018 15:13,158,46.84,46.19,47.77,9/19/2018 15:12,40.9,41.64,9/19/2018 15:12,40.27,9/19/2018 15:12,2490,2505,9/19/2018 15:12,2476,9/19/2018 15:12,421.1,4406,12.69,22.8,21.92
160,9/19/2018 15:14,159,46.45,45.66,46.8,9/19/2018 15:13,41.2,42,9/19/2018 15:13,40.61,9/19/2018 15:13,2478,2496,9/19/2018 15:13,2476,9/19/2018 15:13,409,4394,12.71,22.79,21.9
161,9/19/2018 15:15,160,46.55,46.15,47.24,9/19/2018 15:15,41.12,41.43,9/19/2018 15:14,40.76,9/19/2018 15:15,2498,2510,9/19/2018 15:14,2477,9/19/2018 15:14,411.1,4394,12.71,22.79,21.85
162,9/19/2018 15:16,161,46.38,45.72,46.93,9/19/2018 15:15,41.16,41.78,9/19/2018 15:15,40.7,9/19/2018 15:16,2510,2510,9/19/2018 15:15,2510,9/19/2018 15:16,410.6,4391,12.71,22.78,21.83
163,9/19/2018 15:17,162,46.89,46.33,47.38,9/19/2018 15:16,40.63,40.96,9/19/2018 15:16,40.34,9/19/2018 15:16,2510,2510,9/19/2018 15:16,2510,9/19/2018 15:16,410.5,4391,12.71,22.78,21.87
164,9/19/2018 15:18,163,46.08,45.21,47.21,9/19/2018 15:17,40.26,40.61,9/19/2018 15:17,39.86,9/19/2018 15:17,2510,2510,9/19/2018 15:17,2509,9/19/2018 15:17,410.6,4391,12.71,22.77,21.89
165,9/19/2018 15:19,164,46.69,45.8,47.23,9/19/2018 15:18,40.77,41.29,9/19/2018 15:18,40.23,9/19/2018 15:18,2510,2510,9/19/2018 15:18,2510,9/19/2018 15:18,410.6,4391,12.71,22.76,21.87
166,9/19/2018 15:20,165,46.56,46.01,46.97,9/19/2018 15:19,39.7,40.06,9/19/2018 15:19,39.36,9/19/2018 15:19,2517,2561,9/19/2018 15:20,2510,9/19/2018 15:19,417.3,4398,12.71,22.76,21.87
167,9/19/2018 15:21,166,45.71,45.12,46.06,9/19/2018 15:20,40.52,41.13,9/19/2018 15:20,39.57,9/19/2018 15:20,2546,2560,9/19/2018 15:20,2538,9/19/2018 15:21,446.3,4427,12.68,22.75,21.91
168,9/19/2018 15:22,167,45.85,45.33,46.71,9/19/2018 15:21,40.2,40.69,9/19/2018 15:21,39.75,9/19/2018 15:21,2543,2570,9/19/2018 15:21,2538,9/19/2018 15:21,446.2,4425,12.68,22.75,21.95
169,9/19/2018 15:23,168,47.24,46.25,48.47,9/19/2018 15:23,40.88,41.35,9/19/2018 15:22,40.59,9/19/2018 15:22,2524,2538,9/19/2018 15:22,2510,9/19/2018 15:22,424,4405,12.69,22.75,21.99
170,9/19/2018 15:24,169,46.79,45.92,48.16,9/19/2018 15:23,41.08,41.67,9/19/2018 15:24,40.72,9/19/2018 15:23,2511,2520,9/19/2018 15:23,2510,9/19/2018 15:23,413.9,4398,12.7,22.74,21.99
171,9/19/2018 15:25,170,46.46,46.12,46.9,9/19/2018 15:24,40.51,41.32,9/19/2018 15:24,39.83,9/19/2018 15:24,2501,2532,9/19/2018 15:24,2492,9/19/2018 15:24,409.9,4392,12.71,22.74,21.99
172,9/19/2018 15:26,171,46.26,46.04,46.81,9/19/2018 15:25,41.27,41.55,9/19/2018 15:25,40.38,9/19/2018 15:26,2492,2492,9/19/2018 15:25,2492,9/19/2018 15:25,406.7,4389,12.7,22.74,21.89
173,9/19/2018 15:27,172,46.18,44.99,46.71,9/19/2018 15:26,40.46,41.13,9/19/2018 15:26,40.06,9/19/2018 15:26,2492,2492,9/19/2018 15:27,2492,9/19/2018 15:26,406.6,4389,12.7,22.74,21.94
174,9/19/2018 15:28,173,46.31,45.28,47.11,9/19/2018 15:28,40.6,41.13,9/19/2018 15:27,39.82,9/19/2018 15:27,2492,2492,9/19/2018 15:27,2491,9/19/2018 15:27,406.5,4389,12.71,22.74,21.92
175,9/19/2018 15:29,174,46.12,45.51,47.12,9/19/2018 15:28,41.26,41.88,9/19/2018 15:28,40.11,9/19/2018 15:28,2492,2492,9/19/2018 15:28,2492,9/19/2018 15:28,406.6,4389,12.7,22.74,21.93
176,9/19/2018 15:30,175,46.42,45.75,47.22,9/19/2018 15:29,40.61,41.86,9/19/2018 15:29,39.34,9/19/2018 15:30,2499,2543,9/19/2018 15:30,2492,9/19/2018 15:29,413.3,4395,12.7,22.73,21.93
177,9/19/2018 15:31,176,45.57,45,45.95,9/19/2018 15:30,39.79,40.16,9/19/2018 15:30,39.35,9/19/2018 15:30,2528,2543,9/19/2018 15:30,2520,9/19/2018 15:30,442.1,4424,12.68,22.73,21.9
178,9/19/2018 15:32,177,46,45.63,46.4,9/19/2018 15:31,40.13,40.31,9/19/2018 15:31,39.6,9/19/2018 15:31,2522,2542,9/19/2018 15:31,2520,9/19/2018 15:31,436.5,4419,12.68,22.73,21.88
179,9/19/2018 15:33,178,46.43,45.65,47.48,9/19/2018 15:33,40.65,40.87,9/19/2018 15:32,40.19,9/19/2018 15:32,2501,2520,9/19/2018 15:32,2492,9/19/2018 15:32,415.8,4398,12.69,22.73,21.84
180,9/19/2018 15:34,179,46.85,46.35,47.47,9/19/2018 15:33,40.52,41.35,9/19/2018 15:34,39.89,9/19/2018 15:33,2495,2512,9/19/2018 15:33,2492,9/19/2018 15:33,408.8,4391,12.7,22.72,21.86
181,9/19/2018 15:35,180,47.58,47.21,47.64,9/19/2018 15:34,41.3,41.66,9/19/2018 15:34,40.78,9/19/2018 15:34,2487,2492,9/19/2018 15:34,2484,9/19/2018 15:35,404.8,4387,12.7,22.72,21.89
182,9/19/2018 15:36,181,46.97,46.35,47.29,9/19/2018 15:35,40.75,41.13,9/19/2018 15:36,40.34,9/19/2018 15:35,2485,2485,9/19/2018 15:35,2484,9/19/2018 15:35,404,4386,12.7,22.72,21.83
183,9/19/2018 15:37,182,46.9,46.55,47.13,9/19/2018 15:36,40.9,41.74,9/19/2018 15:36,40.27,9/19/2018 15:36,2486,2487,9/19/2018 15:37,2485,9/19/2018 15:36,404.1,4386,12.7,22.72,21.81
184,9/19/2018 15:38,183,47.52,46.87,48.27,9/19/2018 15:37,41.13,41.35,9/19/2018 15:37,40.62,9/19/2018 15:37,2488,2488,9/19/2018 15:37,2487,9/19/2018 15:37,404,4386,12.7,22.71,21.73
185,9/19/2018 15:39,184,46.85,46.34,47.29,9/19/2018 15:38,40.86,41.37,9/19/2018 15:38,40.67,9/19/2018 15:39,2489,2490,9/19/2018 15:39,2488,9/19/2018 15:38,404,4386,12.7,22.71,21.74
186,9/19/2018 15:40,185,46.57,45.87,47.12,9/19/2018 15:39,41.3,41.82,9/19/2018 15:39,40.19,9/19/2018 15:40,2497,2542,9/19/2018 15:40,2490,9/19/2018 15:39,410.7,4393,12.7,22.7,21.64
187,9/19/2018 15:41,186,45.82,44.21,46.47,9/19/2018 15:40,40.58,41.36,9/19/2018 15:40,38.81,9/19/2018 15:41,2529,2563,9/19/2018 15:41,2520,9/19/2018 15:40,440.5,4422,12.68,22.7,21.63
188,9/19/2018 15:42,187,46.44,45.94,46.73,9/19/2018 15:41,40.13,40.47,9/19/2018 15:41,39.94,9/19/2018 15:41,2521,2541,9/19/2018 15:41,2519,9/19/2018 15:41,433.8,4416,12.67,22.69,21.69
189,9/19/2018 15:43,188,47.66,46.26,48.49,9/19/2018 15:42,41.4,42.13,9/19/2018 15:42,40.62,9/19/2018 15:42,2501,2520,9/19/2018 15:42,2491,9/19/2018 15:42,413.2,4395,12.69,22.68,21.84
190,9/19/2018 15:44,189,47.29,43.63,48.27,9/19/2018 15:43,40.94,41.82,9/19/2018 15:43,38.08,9/19/2018 15:43,2509,2683,9/19/2018 15:43,2491,9/19/2018 15:43,419.3,4393,12.69,22.67,21.73
191,9/19/2018 15:45,190,47.62,46.69,48.16,9/19/2018 15:44,41.75,42.59,9/19/2018 15:44,40.89,9/19/2018 15:45,2511,2521,9/19/2018 15:44,2491,9/19/2018 15:44,410.6,4383,12.7,22.66,21.67
192,9/19/2018 15:46,191,48.02,47.19,48.58,9/19/2018 15:45,40.89,41.16,9/19/2018 15:45,40.57,9/19/2018 15:45,2521,2521,9/19/2018 15:46,2521,9/19/2018 15:45,414.9,4382,12.7,22.65,21.7
193,9/19/2018 15:47,192,46.84,46.04,47.93,9/19/2018 15:46,40.57,41.11,9/19/2018 15:46,39.76,9/19/2018 15:46,2521,2521,9/19/2018 15:46,2521,9/19/2018 15:46,416.3,4382,12.7,22.64,21.7
194,9/19/2018 15:48,193,46.67,46.04,47.44,9/19/2018 15:47,41.1,41.34,9/19/2018 15:48,40.67,9/19/2018 15:47,2521,2521,9/19/2018 15:47,2521,9/19/2018 15:47,417.9,4382,12.7,22.64,21.75
195,9/19/2018 15:49,194,46.76,45.93,47.27,9/19/2018 15:48,40.82,41.34,9/19/2018 15:48,40.48,9/19/2018 15:48,2521,2521,9/19/2018 15:48,2521,9/19/2018 15:49,419.3,4382,12.7,22.63,21.95
196,9/19/2018 15:50,195,47.74,46.37,48.48,9/19/2018 15:49,41.05,41.43,9/19/2018 15:49,40.29,9/19/2018 15:50,2528,2572,9/19/2018 15:50,2521,9/19/2018 15:49,427,4388,12.7,22.62,21.83
197,9/19/2018 15:51,196,47.06,46.72,47.54,9/19/2018 15:50,40.86,41.2,9/19/2018 15:50,40.31,9/19/2018 15:50,2555,2571,9/19/2018 15:50,2549,9/19/2018 15:50,455,4418,12.67,22.62,21.7
198,9/19/2018 15:52,197,47.15,46.27,47.67,9/19/2018 15:51,41.02,41.41,9/19/2018 15:51,40.36,9/19/2018 15:51,2551,2571,9/19/2018 15:51,2549,9/19/2018 15:51,450.3,4412,12.67,22.61,21.71
199,9/19/2018 15:53,198,47.79,46.65,48.78,9/19/2018 15:52,40.91,41.57,9/19/2018 15:52,40.39,9/19/2018 15:52,2533,2557,9/19/2018 15:52,2521,9/19/2018 15:52,432.1,4394,12.68,22.6,21.62
200,9/19/2018 15:54,199,47.48,47.08,47.73,9/19/2018 15:53,41.16,41.82,9/19/2018 15:53,40.41,9/19/2018 15:53,2524,2542,9/19/2018 15:53,2521,9/19/2018 15:54,429.5,4395,12.69,22.6,21.66
201,9/19/2018 15:55,200,47.67,47.22,48.26,9/19/2018 15:54,41.46,42.03,9/19/2018 15:54,40.65,9/19/2018 15:54,2504,2521,9/19/2018 15:54,2496,9/19/2018 15:54,420.6,4380,12.69,22.59,21.75
202,9/19/2018 15:56,201,47.89,47.32,48.41,9/19/2018 15:55,41.42,41.83,9/19/2018 15:55,40.88,9/19/2018 15:56,2496,2496,9/19/2018 15:55,2496,9/19/2018 15:55,420.8,4380,12.69,22.59,21.66
203,9/19/2018 15:57,202,47.43,46.72,47.83,9/19/2018 15:56,41.63,42.17,9/19/2018 15:56,40.89,9/19/2018 15:56,2496,2496,9/19/2018 15:56,2495,9/19/2018 15:56,420.7,4381,12.7,22.58,21.7
204,9/19/2018 15:58,203,47.29,46.81,48.07,9/19/2018 15:57,41.26,42.1,9/19/2018 15:58,40.66,9/19/2018 15:57,2496,2496,9/19/2018 15:57,2495,9/19/2018 15:57,420.8,4383,12.69,22.58,21.71
205,9/19/2018 15:59,204,47.69,47.09,48.27,9/19/2018 15:58,41.9,42.43,9/19/2018 15:58,41.2,9/19/2018 15:58,2496,2496,9/19/2018 15:58,2495,9/19/2018 15:59,420.8,4384,12.69,22.57,21.55
206,9/19/2018 16:00,205,47.07,46.16,47.96,9/19/2018 15:59,41.42,41.88,9/19/2018 15:59,41.12,9/19/2018 15:59,2502,2547,9/19/2018 16:00,2495,9/19/2018 15:59,427.4,4391,12.69,22.57,21.57
207,9/19/2018 16:01,206,46.92,46.18,47.46,9/19/2018 16:00,40.69,41.26,9/19/2018 16:00,40.18,9/19/2018 16:00,2530,2546,9/19/2018 16:00,2524,9/19/2018 16:01,454.6,4418,12.67,22.56,21.57
208,9/19/2018 16:02,207,46,45.24,46.59,9/19/2018 16:01,40.36,40.7,9/19/2018 16:01,40,9/19/2018 16:01,2526,2546,9/19/2018 16:01,2524,9/19/2018 16:01,450.7,4414,12.67,22.56,21.55
209,9/19/2018 16:03,208,47.82,46.73,48.79,9/19/2018 16:02,40,40.84,9/19/2018 16:03,39.51,9/19/2018 16:02,2505,2524,9/19/2018 16:02,2496,9/19/2018 16:02,430,4395,12.68,22.55,21.62
210,9/19/2018 16:04,209,47.94,47.57,48.45,9/19/2018 16:03,41.39,41.84,9/19/2018 16:03,40.95,9/19/2018 16:03,2498,2516,9/19/2018 16:03,2496,9/19/2018 16:03,422.4,4386,12.69,22.54,21.6
211,9/19/2018 16:05,210,46.96,46.14,47.83,9/19/2018 16:04,40.96,41.1,9/19/2018 16:05,40.73,9/19/2018 16:04,2500,2502,9/19/2018 16:04,2496,9/19/2018 16:04,417.9,4382,12.69,22.54,21.69
212,9/19/2018 16:06,211,46.38,45.83,46.83,9/19/2018 16:05,40.33,40.8,9/19/2018 16:05,39.57,9/19/2018 16:05,2501,2502,9/19/2018 16:05,2501,9/19/2018 16:05,416.6,4380,12.69,22.53,21.79
213,9/19/2018 16:07,212,46.75,46.14,47.32,9/19/2018 16:06,40.55,40.7,9/19/2018 16:06,40.34,9/19/2018 16:06,2501,2502,9/19/2018 16:06,2501,9/19/2018 16:06,416.6,4380,12.69,22.53,21.76
214,9/19/2018 16:08,213,47.23,46.57,47.95,9/19/2018 16:07,41.08,41.3,9/19/2018 16:07,40.68,9/19/2018 16:07,2501,2502,9/19/2018 16:07,2501,9/19/2018 16:07,416.5,4380,12.69,22.53,21.7
215,9/19/2018 16:09,214,46.72,45.65,47.42,9/19/2018 16:08,41.41,42.11,9/19/2018 16:08,40.98,9/19/2018 16:08,2501,2502,9/19/2018 16:08,2501,9/19/2018 16:08,416.6,4380,12.69,22.53,21.68
216,9/19/2018 16:10,215,46.07,45.52,46.87,9/19/2018 16:09,40.85,41.22,9/19/2018 16:09,40.12,9/19/2018 16:10,2508,2553,9/19/2018 16:10,2501,9/19/2018 16:09,423.3,4387,12.69,22.53,21.8
217,9/19/2018 16:11,216,46.44,45.79,47.01,9/19/2018 16:10,39.94,40.45,9/19/2018 16:10,39.29,9/19/2018 16:11,2535,2552,9/19/2018 16:10,2530,9/19/2018 16:10,450.3,4414,12.67,22.53,21.73
218,9/19/2018 16:12,217,46.56,46.07,47.03,9/19/2018 16:12,40.43,41.96,9/19/2018 16:11,39.27,9/19/2018 16:11,2532,2552,9/19/2018 16:11,2529,9/19/2018 16:11,446.5,4411,12.67,22.52,21.69
219,9/19/2018 16:13,218,47.08,46.45,47.84,9/19/2018 16:12,41.66,42.43,9/19/2018 16:12,40.82,9/19/2018 16:13,2511,2529,9/19/2018 16:12,2501,9/19/2018 16:13,425.9,4390,12.68,22.52,21.6
220,9/19/2018 16:14,219,47.45,46.51,48.16,9/19/2018 16:13,40.77,41.27,9/19/2018 16:13,40.41,9/19/2018 16:13,2503,2523,9/19/2018 16:13,2501,9/19/2018 16:13,418.2,4382,12.69,22.52,21.43
221,9/19/2018 16:15,220,46.39,45.59,47.19,9/19/2018 16:15,40.64,41.05,9/19/2018 16:14,40.27,9/19/2018 16:14,2511,2515,9/19/2018 16:14,2501,9/19/2018 16:14,418.3,4377,12.69,22.52,21.5
222,9/19/2018 16:16,221,46.79,46.37,47.19,9/19/2018 16:15,41.38,41.74,9/19/2018 16:15,40.99,9/19/2018 16:16,2515,2515,9/19/2018 16:15,2515,9/19/2018 16:15,419.2,4376,12.69,22.51,21.49
223,9/19/2018 16:17,222,46.81,46.03,47.5,9/19/2018 16:16,40.43,40.98,9/19/2018 16:16,39.88,9/19/2018 16:16,2515,2515,9/19/2018 16:16,2515,9/19/2018 16:16,419.3,4376,12.69,22.51,21.46
224,9/19/2018 16:18,223,47.01,46.66,47.18,9/19/2018 16:17,40.71,41.59,9/19/2018 16:18,40.35,9/19/2018 16:17,2515,2515,9/19/2018 16:17,2515,9/19/2018 16:18,419.2,4376,12.69,22.5,21.51
225,9/19/2018 16:19,224,46.75,46.15,47.09,9/19/2018 16:18,40.85,41.66,9/19/2018 16:18,40.36,9/19/2018 16:18,2515,2515,9/19/2018 16:18,2515,9/19/2018 16:18,419.2,4376,12.69,22.49,21.5
226,9/19/2018 16:20,225,47.21,46.64,48.15,9/19/2018 16:19,40.5,40.81,9/19/2018 16:19,39.68,9/19/2018 16:20,2522,2567,9/19/2018 16:20,2515,9/19/2018 16:19,426.1,4382,12.69,22.49,21.6
227,9/19/2018 16:21,226,45.86,45.03,46.76,9/19/2018 16:20,39.98,40.53,9/19/2018 16:20,39.4,9/19/2018 16:20,2549,2566,9/19/2018 16:20,2544,9/19/2018 16:20,453.1,4410,12.66,22.48,21.57
228,9/19/2018 16:22,227,46.14,45.34,47.21,9/19/2018 16:22,40.12,40.54,9/19/2018 16:21,39.63,9/19/2018 16:21,2545,2565,9/19/2018 16:21,2543,9/19/2018 16:21,449.2,4406,12.66,22.47,21.56
229,9/19/2018 16:23,228,47.25,46.97,47.74,9/19/2018 16:23,41.72,42.43,9/19/2018 16:22,40.23,9/19/2018 16:22,2527,2543,9/19/2018 16:22,2515,9/19/2018 16:22,430.9,4388,12.67,22.47,21.57
230,9/19/2018 16:24,229,47.38,46.75,47.8,9/19/2018 16:23,41.02,41.67,9/19/2018 16:23,40.53,9/19/2018 16:23,2517,2537,9/19/2018 16:23,2515,9/19/2018 16:23,420.9,4378,12.68,22.47,21.64
231,9/19/2018 16:25,230,47.39,46.74,48.47,9/19/2018 16:24,40.79,41.26,9/19/2018 16:24,40.19,9/19/2018 16:24,2515,2515,9/19/2018 16:24,2514,9/19/2018 16:24,418.8,4373,12.69,22.46,21.54
232,9/19/2018 16:26,231,46.55,46.15,47.34,9/19/2018 16:25,40.67,41.18,9/19/2018 16:25,40.39,9/19/2018 16:25,2514,2515,9/19/2018 16:25,2514,9/19/2018 16:25,418.6,4371,12.69,22.46,21.57
233,9/19/2018 16:27,232,47.07,46.51,47.55,9/19/2018 16:26,40.97,41.65,9/19/2018 16:26,40.29,9/19/2018 16:27,2514,2514,9/19/2018 16:26,2514,9/19/2018 16:26,418.7,4371,12.69,22.45,21.62
234,9/19/2018 16:28,233,46.87,46.1,47.27,9/19/2018 16:27,40.39,40.68,9/19/2018 16:27,39.89,9/19/2018 16:27,2514,2515,9/19/2018 16:27,2514,9/19/2018 16:27,418.7,4371,12.68,22.45,21.52
235,9/19/2018 16:29,234,46.7,46.18,47.45,9/19/2018 16:28,40.89,41.18,9/19/2018 16:28,40.69,9/19/2018 16:28,2514,2515,9/19/2018 16:28,2514,9/19/2018 16:28,418.6,4371,12.69,22.44,21.56
236,9/19/2018 16:30,235,47.67,46.96,48.19,9/19/2018 16:29,40.71,41.07,9/19/2018 16:29,40.06,9/19/2018 16:30,2521,2566,9/19/2018 16:30,2514,9/19/2018 16:29,425.4,4378,12.68,22.44,21.58
237,9/19/2018 16:31,236,46.53,46.08,46.96,9/19/2018 16:30,40.64,41.16,9/19/2018 16:30,40.16,9/19/2018 16:30,2549,2565,9/19/2018 16:30,2543,9/19/2018 16:30,452.5,4405,12.66,22.44,21.5
238,9/19/2018 16:32,237,47.25,46.53,47.82,9/19/2018 16:31,39.95,40.48,9/19/2018 16:31,39.63,9/19/2018 16:31,2545,2565,9/19/2018 16:31,2543,9/19/2018 16:32,448.7,4402,12.66,22.44,21.54
239,9/19/2018 16:33,238,46.86,46.5,47.23,9/19/2018 16:32,40.32,41.16,9/19/2018 16:33,39.33,9/19/2018 16:32,2527,2543,9/19/2018 16:32,2515,9/19/2018 16:32,430.3,4383,12.67,22.43,21.51
240,9/19/2018 16:34,239,46.44,46.07,46.91,9/19/2018 16:33,40.47,40.84,9/19/2018 16:33,40.05,9/19/2018 16:33,2517,2537,9/19/2018 16:33,2515,9/19/2018 16:33,420.4,4373,12.68,22.43,21.43
241,9/19/2018 16:35,240,46.76,46.26,47.65,9/19/2018 16:35,40.24,40.55,9/19/2018 16:35,40.02,9/19/2018 16:34,2503,2515,9/19/2018 16:34,2494,9/19/2018 16:34,415.2,4370,12.68,22.43,21.49
242,9/19/2018 16:36,241,47.25,46.9,47.64,9/19/2018 16:35,40.37,40.58,9/19/2018 16:35,40.01,9/19/2018 16:35,2494,2494,9/19/2018 16:35,2494,9/19/2018 16:35,412.8,4368,12.68,22.42,21.53
243,9/19/2018 16:37,242,46.82,45.62,47.75,9/19/2018 16:36,40.69,41.01,9/19/2018 16:36,39.83,9/19/2018 16:37,2494,2495,9/19/2018 16:36,2494,9/19/2018 16:36,412.8,4368,12.69,22.42,21.52
244,9/19/2018 16:38,243,46.05,45.57,46.93,9/19/2018 16:38,40.53,41.54,9/19/2018 16:37,39.52,9/19/2018 16:37,2495,2495,9/19/2018 16:37,2494,9/19/2018 16:37,412.9,4368,12.68,22.42,21.53
245,9/19/2018 16:39,244,46.54,46.05,46.99,9/19/2018 16:38,40.25,40.82,9/19/2018 16:38,39.75,9/19/2018 16:38,2495,2496,9/19/2018 16:38,2495,9/19/2018 16:38,413,4368,12.68,22.42,21.46
246,9/19/2018 16:40,245,46.37,45.41,46.87,9/19/2018 16:39,40.32,40.81,9/19/2018 16:39,39.42,9/19/2018 16:40,2502,2547,9/19/2018 16:40,2495,9/19/2018 16:39,419.7,4375,12.68,22.41,21.48
247,9/19/2018 16:41,246,45.89,45.25,46.7,9/19/2018 16:40,39.6,40.48,9/19/2018 16:41,38.68,9/19/2018 16:40,2532,2547,9/19/2018 16:40,2525,9/19/2018 16:40,448.7,4402,12.66,22.41,21.55
248,9/19/2018 16:42,247,45.99,45.15,46.87,9/19/2018 16:41,39.82,40.49,9/19/2018 16:41,39.3,9/19/2018 16:41,2526,2546,9/19/2018 16:41,2523,9/19/2018 16:42,443.2,4398,12.66,22.4,21.52
249,9/19/2018 16:43,248,47.17,45.85,48.31,9/19/2018 16:42,40.64,41.38,9/19/2018 16:42,39.57,9/19/2018 16:42,2506,2523,9/19/2018 16:42,2493,9/19/2018 16:43,424.9,4380,12.67,22.4,21.55
250,9/19/2018 16:44,249,46.04,45.45,46.71,9/19/2018 16:43,40.62,41.01,9/19/2018 16:43,40.19,9/19/2018 16:43,2494,2513,9/19/2018 16:43,2491,9/19/2018 16:44,415.2,4370,12.68,22.4,21.56
251,9/19/2018 16:45,250,46.35,45.32,47.35,9/19/2018 16:44,40.9,41.29,9/19/2018 16:44,40.52,9/19/2018 16:44,2498,2505,9/19/2018 16:44,2489,9/19/2018 16:44,413.5,4366,12.68,22.4,21.52
252,9/19/2018 16:46,251,47.45,46.54,48.15,9/19/2018 16:45,40.45,41.11,9/19/2018 16:45,39.99,9/19/2018 16:45,2502,2504,9/19/2018 16:45,2502,9/19/2018 16:45,413.7,4365,12.68,22.39,21.53
253,9/19/2018 16:47,252,47.06,46.69,47.31,9/19/2018 16:46,40.79,41.44,9/19/2018 16:46,40.39,9/19/2018 16:46,2502,2503,9/19/2018 16:46,2502,9/19/2018 16:46,414,4365,12.68,22.39,21.53
254,9/19/2018 16:48,253,46.86,46.24,47.32,9/19/2018 16:47,40.18,40.58,9/19/2018 16:47,39.81,9/19/2018 16:47,2502,2502,9/19/2018 16:47,2502,9/19/2018 16:47,414.4,4365,12.68,22.39,21.46
255,9/19/2018 16:49,254,46.07,45.53,46.94,9/19/2018 16:48,40.9,41.24,9/19/2018 16:48,40.34,9/19/2018 16:48,2502,2502,9/19/2018 16:48,2502,9/19/2018 16:48,415,4365,12.68,22.39,21.45
256,9/19/2018 16:50,255,45.8,45.54,46.18,9/19/2018 16:49,40.77,41.44,9/19/2018 16:49,39.64,9/19/2018 16:50,2509,2553,9/19/2018 16:50,2502,9/19/2018 16:49,422.3,4372,12.68,22.39,21.49
257,9/19/2018 16:51,256,45.82,45.13,46.45,9/19/2018 16:50,40.52,41.24,9/19/2018 16:50,39.95,9/19/2018 16:50,2538,2552,9/19/2018 16:50,2530,9/19/2018 16:51,451.2,4401,12.66,22.39,21.59
258,9/19/2018 16:52,257,46.79,46.01,47.26,9/19/2018 16:51,40.64,41.13,9/19/2018 16:52,40.09,9/19/2018 16:51,2533,2552,9/19/2018 16:51,2530,9/19/2018 16:51,443.6,4396,12.65,22.39,21.69
259,9/19/2018 16:53,258,47.58,46.72,48.65,9/19/2018 16:52,41.38,41.95,9/19/2018 16:52,40.67,9/19/2018 16:52,2515,2530,9/19/2018 16:52,2502,9/19/2018 16:52,424.5,4379,12.66,22.39,21.59
260,9/19/2018 16:54,259,47.29,46.87,48.26,9/19/2018 16:54,41.59,42.01,9/19/2018 16:53,40.61,9/19/2018 16:54,2504,2520,9/19/2018 16:53,2502,9/19/2018 16:53,410.1,4368,12.68,22.39,21.44
261,9/19/2018 16:55,260,47.68,46.26,48.61,9/19/2018 16:54,41.47,42.24,9/19/2018 16:55,40.75,9/19/2018 16:54,2511,2518,9/19/2018 16:54,2502,9/19/2018 16:54,408.4,4365,12.68,22.39,21.43
262,9/19/2018 16:56,261,47.51,46.26,48.59,9/19/2018 16:55,42.62,43.12,9/19/2018 16:55,41.88,9/19/2018 16:56,2518,2518,9/19/2018 16:55,2518,9/19/2018 16:55,409.8,4364,12.68,22.38,21.49
263,9/19/2018 16:57,262,47.9,47.51,48.31,9/19/2018 16:56,42.7,43.58,9/19/2018 16:56,41.87,9/19/2018 16:56,2518,2518,9/19/2018 16:56,2518,9/19/2018 16:56,409.8,4364,12.68,22.38,21.57
264,9/19/2018 16:58,263,48.24,47.92,48.4,9/19/2018 16:57,42.44,42.7,9/19/2018 16:57,42.04,9/19/2018 16:57,2518,2518,9/19/2018 16:57,2518,9/19/2018 16:57,409.7,4365,12.68,22.38,21.58
265,9/19/2018 16:59,264,47.58,47.11,47.88,9/19/2018 16:59,41.94,42.44,9/19/2018 16:58,41.54,9/19/2018 16:59,2518,2518,9/19/2018 16:58,2517,9/19/2018 16:58,409.7,4365,12.68,22.38,21.66
266,9/19/2018 17:00,265,46.99,45.45,48.2,9/19/2018 16:59,41.21,41.52,9/19/2018 17:00,40.99,9/19/2018 16:59,2525,2569,9/19/2018 17:00,2518,9/19/2018 16:59,416.4,4372,12.67,22.38,21.5
267,9/19/2018 17:01,266,46.04,45.45,46.62,9/19/2018 17:01,41.44,41.79,9/19/2018 17:00,41.07,9/19/2018 17:01,2554,2568,9/19/2018 17:00,2546,9/19/2018 17:01,445.1,4399,12.65,22.39,21.55
